{"eval2/accuracy":0.6666666666666666,"_step":9,"eval3/f1_overall":0.545,"eval3/precision_overall":0.429,"eval3/recall_overall":0.75,"eval3/accuracy_overall":0.792,"eval2/hits":[1,1,0,0,0,0,0,0],"eval1/hits":[0,0,1,0,0,0,1,0],"_wandb":{"runtime":134},"_timestamp":1.765646660710698e+09,"_runtime":134.121146}