{"_step":9,"eval3/recall_overall":1,"_wandb":{"runtime":122},"_timestamp":1.7656457567145488e+09,"_runtime":122.0717874,"eval3/accuracy_overall":0.708,"eval2/accuracy":0.6666666666666666,"eval3/f1_overall":0.533,"eval1/hits":[1,1,1,1,1,1,1,1],"eval3/precision_overall":0.364,"eval2/hits":[0,0,0,0,0,0,0,0]}