{"_wandb":{"runtime":107},"eval3/f1":0.571,"eval2/hits":[0,1,0,0,0,0,0,0],"eval3/precision_overall":0.667,"_runtime":107.8896737,"eval3/accuracy":0.875,"eval1/hits":[1,1,1,1,1,1,1,1],"_step":9,"_timestamp":1.765657990500658e+09,"eval2/accuracy":0.6666666666666666,"eval3/recall_overall":0.5,"eval3/precision":0.667,"eval3/f1_overall":0.571,"eval3/accuracy_overall":0.875,"eval3/recall":0.5}