{"_timestamp":1.7656468560509803e+09,"eval3/f1_overall":0.571,"eval1/hits":[0,0,0,1,1,1,1,1],"eval2/hits":[0,0,0,1,1,1,0,0],"eval3/recall_overall":0.5,"_wandb":{"runtime":138},"_step":9,"eval2/accuracy":0.6666666666666666,"eval3/accuracy_overall":0.875,"eval3/precision_overall":0.667,"_runtime":138.4688237}