{"_timestamp":1.765657094753517e+09,"eval3/f1_overall":0.727,"eval3/f1":0.727,"eval3/recall_overall":1,"_step":9,"_wandb":{"runtime":110},"eval3/accuracy":0.875,"eval3/recall":1,"eval3/accuracy_overall":0.875,"eval2/accuracy":0.3333333333333333,"_runtime":110.9878084,"eval3/precision":0.571,"eval3/precision_overall":0.571,"eval2/hits":[0,0,0,0,0,0,0,0],"eval1/hits":[1,0,0,0,0,0,0,0]}