{"eval1/hits":[0,0,1,0,1,1,1,1],"_timestamp":1.7656354939465907e+09,"eval3/f1_overall":0.727,"_wandb":{"runtime":129},"eval2/accuracy":1,"_runtime":129.680544,"eval2/hits":[0,0,0,1,1,1,0,1],"eval3/accuracy_overall":0.875,"_step":9}