{"eval3/accuracy_overall":0.708,"eval2/accuracy":0.6666666666666666,"eval3/precision_overall":0.333,"_timestamp":1.7656597400618906e+09,"_wandb":{"runtime":137},"eval2/hits":[0,0,1,0,0,0,0,0],"eval1/hits":[0,0,0,1,0,1,0,0],"_step":9,"eval3/accuracy":0.708,"_runtime":137.1104503,"eval3/recall_overall":0.75,"eval3/precision":0.333,"eval3/f1_overall":0.462,"eval3/recall":0.75,"eval3/f1":0.462}