{"eval2/accuracy":0.6666666666666666,"eval3/recall_overall":1,"eval3/precision_overall":0.667,"eval3/recall":1,"_runtime":192.7545474,"eval3/f1":0.8,"eval1/hits":[1,1,1,1,0,1,1,1],"_wandb":{"runtime":192},"eval3/accuracy_overall":0.917,"_timestamp":1.7656490788869686e+09,"_step":9,"eval3/precision":0.667,"eval3/accuracy":0.917,"eval3/f1_overall":0.8,"eval2/hits":[0,0,0,0,0,0,0,0]}