{"eval2/accuracy":0.3333333333333333,"eval3/precision_overall":0.364,"eval3/accuracy_overall":0.708,"_runtime":112.9776812,"eval3/recall_overall":1,"eval3/recall":1,"eval3/precision":0.364,"eval1/hits":[0,0,0,0,0,0,0,0],"_timestamp":1.7656575337851896e+09,"eval3/f1_overall":0.533,"eval3/accuracy":0.708,"eval3/f1":0.533,"_wandb":{"runtime":112},"_step":9,"eval2/hits":[0,0,0,0,0,0,0,0]}