{"_timestamp":1.7656474554003844e+09,"_wandb":{"runtime":152},"_runtime":152.5801472,"_step":9,"eval3/precision_overall":0.444,"eval2/accuracy":0.3333333333333333,"eval1/hits":[1,0,0,0,0,1,1,1],"eval3/accuracy_overall":0.792,"eval3/recall_overall":1,"eval3/f1_overall":0.615,"eval2/hits":[1,1,0,0,0,0,1,0]}