{"eval3/f1":0.444,"eval3/recall_overall":0.5,"eval3/precision":0.4,"eval2/hits":[0,1,1,1,1,1,1,0],"eval1/hits":[1,1,1,1,1,1,1,1],"_step":9,"eval3/accuracy_overall":0.792,"eval3/recall":0.5,"_wandb":{"runtime":115},"eval3/accuracy":0.792,"eval2/accuracy":0.6666666666666666,"eval3/precision_overall":0.4,"eval3/f1_overall":0.444,"_timestamp":1.7656586994378042e+09,"_runtime":115.0654315}