{"eval2/hits":[0,1,0,0,0,1,0,0],"_step":9,"eval3/precision_overall":1,"eval3/recall_overall":1,"eval3/f1_overall":1,"_runtime":145.3134223,"_wandb":{"runtime":145},"_timestamp":1.7656449794717367e+09,"eval1/hits":[1,1,1,1,1,1,1,1],"eval2/accuracy":0.6666666666666666,"eval3/accuracy_overall":1}