{"eval1/hits":[0,1],"eval2/hits":[0,0],"eval3/accuracy":[0.875,0.7083333333333334],"eval3/f1":[0.48900000000000005,0.457],"_timestamp":1.7655383983085618e+09,"_wandb":{"runtime":0},"_runtime":0.1077155,"_step":0}