{"_runtime":115.2023588,"eval3/precision":0.6,"eval2/hits":[0,0,0,0,0,0,0,0],"eval3/precision_overall":0.6,"_wandb":{"runtime":115},"eval3/recall_overall":0.75,"eval2/accuracy":0.6666666666666666,"_timestamp":1.7656583446640694e+09,"eval3/recall":0.75,"eval1/hits":[0,0,0,0,0,0,0,1],"eval3/f1_overall":0.667,"_step":9,"eval3/accuracy":0.875,"eval3/f1":0.667,"eval3/accuracy_overall":0.875}