{"eval3/accuracy":0.833,"eval2/accuracy":0.6666666666666666,"eval3/recall":0.75,"eval3/f1":0.6,"eval3/accuracy_overall":0.833,"eval3/precision":0.5,"eval3/f1_overall":0.6,"_wandb":{"runtime":135},"eval2/hits":[1,1,0,0,0,0,0,0],"_runtime":135.844128,"eval3/precision_overall":0.5,"_timestamp":1.7656526067439244e+09,"eval1/hits":[1,1,0,0,0,0,0,0],"eval3/recall_overall":0.75,"_step":9}