{"simulation_1/final_eval1_score":0,"simulation_1/eval3_score":0.6666666666666666,"overall/avg_eval3_score":0.4444444444444444,"simulation_1/final_eval3_score":0.6666666666666666,"simulation_1/eval2_score":1,"simulation_1/final_eval2_score":1,"_timestamp":1.7646949524443345e+09,"simulation_1/eval1_score":0,"_step":23,"simulation_3/final_eval1_score":0,"simulation_2/final_eval2_score":0.6666666666666666,"_runtime":3760,"simulation_3/final_eval3_score":0.6666666666666666,"_wandb":{"runtime":3760},"simulation_3/final_eval2_score":0.6666666666666666,"overall/avg_eval1_score":0.3333333333333333,"simulation_2/final_eval1_score":1,"simulation_2/final_eval3_score":0,"overall/avg_eval2_score":0.7777777777777777}