{"eval3/recall":1,"eval3/recall_overall":1,"eval3/f1":0.667,"eval3/accuracy":0.833,"eval3/precision":0.5,"eval2/hits":[1,0,1,0,0,0,0,0],"eval3/accuracy_overall":0.833,"eval3/precision_overall":0.5,"_timestamp":1.7656553494612484e+09,"eval2/accuracy":0.6666666666666666,"_step":9,"eval3/f1_overall":0.667,"_wandb":{"runtime":142},"_runtime":142.3070016,"eval1/hits":[0,1,0,0,0,1,0,0]}