{"eval3/accuracy_overall":0.958,"eval3/recall_overall":1,"_wandb":{"runtime":142},"eval3/recall":1,"eval2/accuracy":0.6666666666666666,"eval2/hits":[0,0,0,0,0,0,0,0],"_timestamp":1.765654544968051e+09,"_step":9,"eval3/accuracy":0.958,"eval1/hits":[1,1,1,1,1,1,1,1],"eval3/precision_overall":0.8,"eval3/f1_overall":0.889,"eval3/f1":0.889,"_runtime":142.5832921,"eval3/precision":0.8}