{"_step":9,"eval3/accuracy_overall":0.708,"eval3/recall":0.5,"eval3/precision_overall":0.286,"eval1/hits":[0,0,1,0,1,1,1,0],"eval3/accuracy":0.708,"eval3/recall_overall":0.5,"eval2/hits":[0,0,0,0,0,0,0,0],"eval3/f1":0.364,"eval2/accuracy":0.6666666666666666,"_runtime":131.6934028,"eval3/precision":0.286,"_wandb":{"runtime":131},"eval3/f1_overall":0.364,"_timestamp":1.7656535830482664e+09}