{"eval3/precision":0.571,"eval3/precision_overall":0.571,"_runtime":129.5084495,"eval3/recall":1,"eval3/accuracy":0.875,"_wandb":{"runtime":129},"eval1/hits":[0,1,1,1,0,1,1,1],"_timestamp":1.7656598718050513e+09,"_step":9,"eval2/hits":[0,0,0,0,0,0,0,0],"eval3/f1":0.727,"eval3/accuracy_overall":0.875,"eval2/accuracy":0.6666666666666666,"eval3/f1_overall":0.727,"eval3/recall_overall":1}