{"eval2/accuracy":0.6666666666666666,"eval3/recall":0.5,"eval1/hits":[1,1,1,0,1,1,1,1],"eval3/precision_overall":0.667,"eval3/recall_overall":0.5,"_step":9,"eval3/accuracy_overall":0.875,"eval2/hits":[0,0,0,0,0,0,0,0],"_runtime":127.420457,"eval3/f1":0.571,"eval3/accuracy":0.875,"_timestamp":1.7656518025701454e+09,"eval3/f1_overall":0.571,"_wandb":{"runtime":127},"eval3/precision":0.667}