{"eval3/f1_overall":0.727,"eval3/accuracy_overall":0.875,"_step":9,"eval2/hits":[0,0,0,0,1,0,0,0],"_wandb":{"runtime":131},"eval3/recall_overall":1,"eval1/hits":[1,1,1,1,1,1,1,1],"eval2/accuracy":0.6666666666666666,"eval3/precision_overall":0.571,"_runtime":131.9745446,"_timestamp":1.7656483327079365e+09}