{"eval2/hits":[0,0,0,0,0,0,0,0],"eval3/recall_overall":0.75,"eval3/recall":0.75,"eval3/precision_overall":0.75,"_runtime":138.0945197,"_timestamp":1.7656544004818902e+09,"eval3/f1_overall":0.75,"eval3/f1":0.75,"_wandb":{"runtime":138},"eval1/hits":[1,1,1,1,1,1,1,1],"eval3/accuracy_overall":0.917,"eval3/accuracy":0.917,"eval2/accuracy":0.6666666666666666,"eval3/precision":0.75,"_step":9}