{"eval3/f1":[0.148,0.22233333333333336],"_timestamp":1.7655384418636842e+09,"_wandb":{"runtime":0},"_runtime":0.0959085,"_step":0,"eval1/hits":[1,1],"eval2/hits":[1,1],"eval3/accuracy":[0.6666666666666666,0.6]}