{"eval3/f1":0.571,"eval3/accuracy_overall":0.75,"_step":9,"eval3/recall_overall":1,"_timestamp":1.7656566243631997e+09,"eval1/hits":[0,1,1,0,0,0,0,0],"_wandb":{"runtime":129},"eval3/precision":0.4,"eval3/accuracy":0.75,"eval3/recall":1,"eval2/hits":[0,0,0,0,0,0,0,0],"eval3/f1_overall":0.571,"eval3/precision_overall":0.4,"eval2/accuracy":0.6666666666666666,"_runtime":129.2488082}