{"eval3/recall_overall":1,"eval3/precision_overall":0.571,"eval2/hits":[1,1,1,1,0,0,0,0],"_timestamp":1.7656542603095906e+09,"eval1/hits":[1,1,1,1,1,1,1,1],"eval2/accuracy":0.3333333333333333,"_wandb":{"runtime":126},"eval3/precision":0.571,"eval3/recall":1,"eval3/accuracy_overall":0.875,"eval3/accuracy":0.875,"_step":9,"_runtime":126.1999762,"eval3/f1":0.727,"eval3/f1_overall":0.727}