{"eval3/precision_overall":0.571,"eval3/accuracy_overall":0.875,"eval3/f1_overall":0.727,"_runtime":131.9883731,"eval2/accuracy":0.6666666666666666,"eval3/recall":1,"eval3/precision":0.571,"eval3/f1":0.727,"eval1/hits":[1,0,0,0,0,0,0,1],"_wandb":{"runtime":131},"eval2/hits":[0,0,0,0,0,0,0,0],"_step":9,"eval3/recall_overall":1,"_timestamp":1.7656523250714903e+09,"eval3/accuracy":0.875}