{"simulation_4/eval2_score":1,"simulation_5/eval3_score":0.6666666666666666,"simulation_18/eval2_score":0.6666666666666666,"simulation_2/eval1_score":0,"_timestamp":1.7646857319908211e+09,"_step":20,"simulation_20/eval2_score":0.6666666666666666,"simulation_11/eval1_score":0,"simulation_17/eval2_score":0.3333333333333333,"simulation_3/eval1_score":1,"simulation_10/eval1_score":0,"simulation_12/eval1_score":1,"simulation_1/eval2_score":0,"simulation_12/eval2_score":0,"simulation_9/eval3_score":0.6666666666666666,"simulation_2/eval3_score":0,"simulation_7/eval2_score":1,"simulation_5/eval1_score":1,"simulation_11/eval2_score":0.3333333333333333,"_runtime":24101.421680289,"simulation_1/eval3_score":0.6666666666666666,"simulation_20/eval3_score":0,"simulation_6/eval1_score":0,"simulation_16/eval1_score":1,"simulation_7/eval1_score":1,"simulation_15/eval1_score":0,"simulation_14/eval1_score":0,"simulation_7/eval3_score":0,"simulation_17/eval3_score":0,"simulation_19/eval1_score":1,"simulation_5/eval2_score":0.6666666666666666,"simulation_19/eval3_score":0.6666666666666666,"simulation_3/eval3_score":0,"simulation_15/eval3_score":0.6333333333333333,"simulation_8/eval1_score":0,"simulation_16/eval3_score":0,"simulation_2/eval2_score":0.6666666666666666,"simulation_12/eval3_score":0.6666666666666666,"simulation_15/eval2_score":0.6666666666666666,"simulation_20/eval1_score":0,"simulation_10/eval2_score":0.6666666666666666,"simulation_4/eval1_score":1,"simulation_18/eval3_score":0,"simulation_4/eval3_score":0.7083333333333334,"simulation_17/eval1_score":1,"simulation_3/eval2_score":0.6666666666666666,"_wandb":{"runtime":24101},"simulation_14/eval3_score":0,"simulation_10/eval3_score":0,"simulation_11/eval3_score":0,"simulation_9/eval1_score":0,"simulation_8/eval3_score":0.3333333333333333,"simulation_9/eval2_score":0.6666666666666666,"simulation_8/eval2_score":1,"simulation_13/eval3_score":0,"simulation_16/eval2_score":0.6666666666666666,"simulation_6/eval2_score":0.3333333333333333,"simulation_13/eval1_score":1,"simulation_6/eval3_score":0,"simulation_19/eval2_score":1,"simulation_14/eval2_score":0.3333333333333333,"simulation_18/eval1_score":1,"simulation_1/eval1_score":1,"simulation_13/eval2_score":0.3333333333333333}