{"eval3/recall":0.75,"eval1/hits":[0,0,0,1,0,1,1,1],"eval3/f1_overall":0.75,"eval3/recall_overall":0.75,"eval3/precision":0.75,"eval2/accuracy":0.6666666666666666,"_runtime":119.6468928,"eval3/accuracy":0.917,"eval2/hits":[1,0,1,0,1,1,0,0],"_wandb":{"runtime":119},"_step":9,"_timestamp":1.7656585822047555e+09,"eval3/f1":0.75,"eval3/precision_overall":0.75,"eval3/accuracy_overall":0.917}