{"_wandb":{"runtime":142},"_timestamp":1.7656476070657606e+09,"eval3/recall_overall":0.75,"_runtime":142.6236025,"eval3/f1_overall":0.6,"eval2/accuracy":0.6666666666666666,"_step":9,"eval3/accuracy_overall":0.833,"eval1/hits":[1,1,0,1,1,1,1,1],"eval3/precision_overall":0.5,"eval2/hits":[0,1,1,0,0,0,0,0]}