{"eval3/precision_overall":0.667,"eval2/accuracy":0.3333333333333333,"eval2/hits":[0,0,0,0,0,0,0,0],"eval3/accuracy":0.917,"_runtime":145.8399597,"_timestamp":1.7656527547438161e+09,"_wandb":{"runtime":145},"eval3/f1":0.8,"eval3/recall":1,"eval3/recall_overall":1,"eval3/f1_overall":0.8,"_step":9,"eval3/accuracy_overall":0.917,"eval3/precision":0.667,"eval1/hits":[0,0,0,0,0,0,0,0]}