{"eval3/accuracy_overall":0.833,"eval3/recall_overall":1,"eval1/hits":[0,0,0,0,0,0,0,0],"_timestamp":1.7656452946293676e+09,"_step":9,"_wandb":{"runtime":139},"eval2/hits":[1,0,0,0,1,0,1,0],"eval3/f1_overall":0.667,"eval3/precision_overall":0.5,"_runtime":139.7651228,"eval2/accuracy":0.6666666666666666}