{"_timestamp":1.765643424392554e+09,"eval3/precision_overall":0.667,"eval3/recall_overall":1,"eval2/accuracy":0.6666666666666666,"_wandb":{"runtime":133},"_runtime":133.569838,"_step":9,"eval3/f1_overall":0.8,"eval2/hits":[0,0,0,0,0,0,0,0],"eval3/accuracy_overall":0.917,"eval1/hits":[0,1,0,0,1,1,1,1]}