{"_step":9,"eval1/hits":[1,1,0,0,1,1,1,0],"_wandb":{"runtime":141},"eval3/f1":0.545,"eval3/recall":0.75,"eval3/precision":0.429,"eval3/accuracy":0.792,"_timestamp":1.7656531740148277e+09,"eval3/f1_overall":0.545,"eval3/precision_overall":0.429,"eval3/accuracy_overall":0.792,"eval2/hits":[0,1,0,0,0,0,0,0],"eval3/recall_overall":0.75,"eval2/accuracy":0.3333333333333333,"_runtime":141.0689776}