{"eval3/recall_overall":1,"eval3/precision_overall":0.5,"eval3/precision":0.5,"eval1/hits":[1,1,1,0,1,1,1,1],"eval3/accuracy":0.833,"eval3/f1":0.667,"_step":9,"eval2/accuracy":0.6666666666666666,"_runtime":116.7136375,"eval3/recall":1,"eval3/accuracy_overall":0.833,"_wandb":{"runtime":116},"_timestamp":1.7656608032336042e+09,"eval3/f1_overall":0.667,"eval2/hits":[1,0,1,0,1,0,0,0]}