{"eval3/precision_overall":0.667,"eval1/hits":[0,0,0,0,0,0,0,0],"eval2/hits":[0,0,0,0,0,0,0,0],"eval3/recall_overall":1,"_step":9,"_timestamp":1.765644274675356e+09,"eval3/accuracy_overall":0.917,"_wandb":{"runtime":125},"_runtime":125.9173909,"eval2/accuracy":0.3333333333333333,"eval3/f1_overall":0.8}