{"eval3/f1_overall":0.857,"eval2/accuracy":0.3333333333333333,"eval1/hits":[1,0,0,0,0,0,0,1],"eval3/precision_overall":1,"eval3/accuracy":0.958,"eval2/hits":[0,0,0,0,0,0,0,0],"eval3/recall_overall":0.75,"eval3/accuracy_overall":0.958,"eval3/precision":1,"_timestamp":1.7656561958791232e+09,"eval3/recall":0.75,"_wandb":{"runtime":155},"_runtime":155.271175,"_step":9,"eval3/f1":0.857}