{"_runtime":127.0259465,"eval3/recall_overall":0.75,"_wandb":{"runtime":127},"eval2/hits":[0,0,0,0,0,0,1,0],"eval3/recall":0.75,"eval3/accuracy_overall":0.792,"_step":9,"eval3/precision_overall":0.429,"eval2/accuracy":0.6666666666666666,"eval3/accuracy":0.792,"_timestamp":1.7656606840793476e+09,"eval3/f1":0.545,"eval1/hits":[0,0,1,1,1,1,1,1],"eval3/f1_overall":0.545,"eval3/precision":0.429}