{"_runtime":119.6752243,"eval3/recall_overall":1,"eval3/accuracy_overall":0.958,"eval2/accuracy":0.6666666666666666,"eval3/f1_overall":0.889,"_timestamp":1.7656593641194184e+09,"_wandb":{"runtime":119},"eval3/recall":1,"eval1/hits":[1,1,1,1,1,1,1,1],"eval3/precision_overall":0.8,"_step":9,"eval3/accuracy":0.958,"eval3/precision":0.8,"eval3/f1":0.889,"eval2/hits":[0,0,0,0,0,0,0,0]}