{"_wandb":{"runtime":106},"eval3/f1_overall":0.5,"eval3/f1":0.5,"eval3/recall":0.5,"eval1/hits":[1,0,0,0,0,1,0,0],"eval2/hits":[1,1,0,0,0,0,0,0],"eval3/precision_overall":0.5,"eval3/recall_overall":0.5,"eval2/accuracy":0.6666666666666666,"eval3/accuracy":0.833,"eval3/precision":0.5,"_runtime":106.6350681,"eval3/accuracy_overall":0.833,"_timestamp":1.7656574186252444e+09,"_step":9}