{"eval3/accuracy_overall":0.75,"_wandb":{"runtime":126},"_timestamp":1.7656541319745243e+09,"eval1/hits":[0,0,1,1,1,1,1,1],"eval3/f1_overall":0.5,"_step":9,"eval3/precision":0.375,"eval2/accuracy":0.6666666666666666,"eval3/recall_overall":0.75,"_runtime":126.8690644,"eval3/precision_overall":0.375,"eval2/hits":[0,1,0,0,0,0,0,0],"eval3/accuracy":0.75,"eval3/f1":0.5,"eval3/recall":0.75}