{"eval3/accuracy_overall":0.875,"eval3/recall_overall":0.5,"_timestamp":1.7656602908218496e+09,"eval3/accuracy":0.875,"_runtime":133.9065584,"eval3/recall":0.5,"eval3/precision_overall":0.667,"_wandb":{"runtime":133},"eval1/hits":[0,0,0,0,0,0,0,0],"eval3/f1":0.571,"eval2/accuracy":0.3333333333333333,"_step":9,"eval3/precision":0.667,"eval2/hits":[0,0,0,0,0,0,0,0],"eval3/f1_overall":0.571}