{"eval3/accuracy_overall":0.667,"eval3/precision_overall":0.273,"eval3/f1_overall":0.429,"_step":9,"eval1/hits":[1,1,1,1,1,1,1,1],"eval3/recall_overall":1,"_runtime":160.1413845,"_wandb":{"runtime":160},"eval2/hits":[0,1,1,0,0,1,0,0],"eval2/accuracy":0.6666666666666666,"_timestamp":1.7656386970348063e+09}