{"eval3/f1_overall":0.667,"eval3/f1":0.667,"eval2/hits":[0,0,0,0,0,1,1,0],"eval3/accuracy_overall":0.875,"eval3/accuracy":0.875,"eval1/hits":[1,1,1,1,1,1,1,1],"_step":9,"eval3/recall_overall":0.75,"_wandb":{"runtime":120},"eval3/recall":0.75,"eval2/accuracy":0.6666666666666666,"_timestamp":1.7656610410299323e+09,"eval3/precision":0.6,"eval3/precision_overall":0.6,"_runtime":120.1911312}