{"eval1/hits":[0,0,0,0,0,0,0,0],"eval2/accuracy":0.3333333333333333,"_step":9,"eval3/precision_overall":0.375,"_runtime":134.7347447,"eval2/hits":[0,0,0,0,0,0,0,0],"_timestamp":1.7656396872738037e+09,"eval3/f1_overall":0.5,"eval3/accuracy_overall":0.75,"eval3/recall_overall":0.75,"_wandb":{"runtime":134}}