{"_step":3,"eval1/hits":1,"eval2/hits":0,"eval2/accuracy":0.3333333333333333,"_timestamp":1.7656483961750948e+09,"_wandb":{"runtime":66},"_runtime":66.9615817}