{"eval3/precision":1,"eval2/hits":0,"eval2/accuracy":0.6666666666666666,"eval3/recall":0.25,"eval3/accuracy":0.875,"eval3/f1":0.4,"_runtime":24.2683568,"eval1/hits":1,"_timestamp":1.7656503623008344e+09,"_step":1,"_wandb":{"runtime":24}}