{"_timestamp":1.7656605552248917e+09,"eval3/f1_overall":0.8,"_wandb":{"runtime":134},"eval3/precision_overall":0.667,"eval3/precision":0.667,"eval3/accuracy":0.917,"eval1/hits":[1,1,1,1,1,1,1,1],"eval3/accuracy_overall":0.917,"_runtime":134.0786448,"eval2/hits":[1,1,0,0,0,0,0,0],"eval3/recall_overall":1,"eval2/accuracy":0.6666666666666666,"eval3/recall":1,"eval3/f1":0.8,"_step":9}