{"eval3/accuracy_overall":0.792,"eval2/accuracy":0.6666666666666666,"eval3/f1":0.545,"eval1/hits":[0,0,0,1,1,0,0,0],"eval3/recall_overall":0.75,"_wandb":{"runtime":122},"eval2/hits":[0,0,0,0,0,0,0,0],"eval3/accuracy":0.792,"_timestamp":1.7656578804645844e+09,"_runtime":122.7574198,"_step":9,"eval3/f1_overall":0.545,"eval3/precision_overall":0.429,"eval3/recall":0.75,"eval3/precision":0.429}