{"eval3/f1":0.75,"_timestamp":1.765654002978976e+09,"_wandb":{"runtime":133},"eval3/accuracy":0.917,"eval3/precision_overall":0.75,"eval3/accuracy_overall":0.917,"eval3/f1_overall":0.75,"eval2/hits":[0,0,0,0,0,0,0,0],"eval3/recall":0.75,"eval3/recall_overall":0.75,"eval2/accuracy":0.3333333333333333,"eval1/hits":[1,1,1,1,1,1,1,1],"_runtime":133.7902107,"eval3/precision":0.75,"_step":9}