{"eval3/f1_overall":0.8,"eval3/recall_overall":1,"eval2/hits":[0,0,0,0,0,0,0,0],"_runtime":119.6957865,"eval3/precision":0.667,"eval3/recall":1,"eval1/hits":[0,0,1,0,1,0,0,1],"eval3/f1":0.8,"_step":9,"_wandb":{"runtime":119},"eval2/accuracy":0.6666666666666666,"eval3/precision_overall":0.667,"eval3/accuracy_overall":0.917,"_timestamp":1.7656568716810613e+09,"eval3/accuracy":0.917}