{"_runtime":132.4451444,"_timestamp":1.765633691981272e+09,"_step":9,"eval1/hits":[1,1,1,1,1,1,1,1],"eval2/hits":[0,1,1,1,1,1,1,0],"_wandb":{"runtime":132}}