{"_step":9,"eval3/recall_overall":0.75,"eval3/recall":0.75,"eval3/f1_overall":0.75,"_wandb":{"runtime":102},"eval3/precision":0.75,"_runtime":102.2993616,"eval1/hits":[0,0,0,0,0,1,1,0],"_timestamp":1.7656573097347326e+09,"eval3/precision_overall":0.75,"eval3/accuracy_overall":0.917,"eval2/hits":[0,0,0,0,0,0,0,0],"eval3/f1":0.75,"eval2/accuracy":0.6666666666666666,"eval3/accuracy":0.917}