{"eval3/f1_overall":0.8,"eval3/accuracy_overall":0.917,"eval3/recall_overall":1,"_wandb":{"runtime":157},"eval2/hits":[0,0,0,0,0,0,0,0],"_runtime":157.2111488,"_timestamp":1.7656419110552213e+09,"_step":9,"eval3/precision_overall":0.667,"eval2/accuracy":0.6666666666666666,"eval1/hits":[1,1,1,1,1,1,1,1]}