{"eval1/hits":[1,1,1,1,1,1],"_runtime":99.7726333,"_timestamp":1.7656426934587235e+09,"eval3/precision_overall":1,"eval2/hits":[0,0,0,0,0,0],"eval3/accuracy_overall":0.944,"eval3/f1_overall":0.8,"_wandb":{"runtime":99},"eval3/recall_overall":0.667,"eval2/accuracy":0.6666666666666666,"_step":7}