{"eval3/recall":0.5,"eval3/accuracy":0.833,"eval1/hits":[1,0,0,0,0,0,0,0],"_runtime":140.1529676,"eval3/f1_overall":0.5,"eval3/f1":0.5,"eval2/hits":[0,0,0,0,0,0,0,0],"_timestamp":1.7656538671127372e+09,"eval3/precision_overall":0.5,"eval3/accuracy_overall":0.833,"_step":9,"eval3/recall_overall":0.5,"eval2/accuracy":0.6666666666666666,"_wandb":{"runtime":140},"eval3/precision":0.5}